0	word_embedding_avg_0
1	word_embedding_avg_1
2	word_embedding_avg_10
3	word_embedding_avg_11
4	word_embedding_avg_12
5	word_embedding_avg_13
6	word_embedding_avg_14
7	word_embedding_avg_15
8	word_embedding_avg_16
9	word_embedding_avg_17
10	word_embedding_avg_18
11	word_embedding_avg_19
12	word_embedding_avg_2
13	word_embedding_avg_20
14	word_embedding_avg_21
15	word_embedding_avg_22
16	word_embedding_avg_23
17	word_embedding_avg_24
18	word_embedding_avg_25
19	word_embedding_avg_26
20	word_embedding_avg_27
21	word_embedding_avg_28
22	word_embedding_avg_29
23	word_embedding_avg_3
24	word_embedding_avg_30
25	word_embedding_avg_31
26	word_embedding_avg_32
27	word_embedding_avg_33
28	word_embedding_avg_34
29	word_embedding_avg_35
30	word_embedding_avg_36
31	word_embedding_avg_37
32	word_embedding_avg_38
33	word_embedding_avg_39
34	word_embedding_avg_4
35	word_embedding_avg_40
36	word_embedding_avg_41
37	word_embedding_avg_42
38	word_embedding_avg_43
39	word_embedding_avg_44
40	word_embedding_avg_45
41	word_embedding_avg_46
42	word_embedding_avg_47
43	word_embedding_avg_48
44	word_embedding_avg_49
45	word_embedding_avg_5
46	word_embedding_avg_6
47	word_embedding_avg_7
48	word_embedding_avg_8
49	word_embedding_avg_9
50	word_embedding_med_0
51	word_embedding_med_1
52	word_embedding_med_10
53	word_embedding_med_11
54	word_embedding_med_12
55	word_embedding_med_13
56	word_embedding_med_14
57	word_embedding_med_15
58	word_embedding_med_16
59	word_embedding_med_17
60	word_embedding_med_18
61	word_embedding_med_19
62	word_embedding_med_2
63	word_embedding_med_20
64	word_embedding_med_21
65	word_embedding_med_22
66	word_embedding_med_23
67	word_embedding_med_24
68	word_embedding_med_25
69	word_embedding_med_26
70	word_embedding_med_27
71	word_embedding_med_28
72	word_embedding_med_29
73	word_embedding_med_3
74	word_embedding_med_30
75	word_embedding_med_31
76	word_embedding_med_32
77	word_embedding_med_33
78	word_embedding_med_34
79	word_embedding_med_35
80	word_embedding_med_36
81	word_embedding_med_37
82	word_embedding_med_38
83	word_embedding_med_39
84	word_embedding_med_4
85	word_embedding_med_40
86	word_embedding_med_41
87	word_embedding_med_42
88	word_embedding_med_43
89	word_embedding_med_44
90	word_embedding_med_45
91	word_embedding_med_46
92	word_embedding_med_47
93	word_embedding_med_48
94	word_embedding_med_49
95	word_embedding_med_5
96	word_embedding_med_6
97	word_embedding_med_7
98	word_embedding_med_8
99	word_embedding_med_9
100	word_embedding_mode_0
101	word_embedding_mode_1
102	word_embedding_mode_10
103	word_embedding_mode_11
104	word_embedding_mode_12
105	word_embedding_mode_13
106	word_embedding_mode_14
107	word_embedding_mode_15
108	word_embedding_mode_16
109	word_embedding_mode_17
110	word_embedding_mode_18
111	word_embedding_mode_19
112	word_embedding_mode_2
113	word_embedding_mode_20
114	word_embedding_mode_21
115	word_embedding_mode_22
116	word_embedding_mode_23
117	word_embedding_mode_24
118	word_embedding_mode_25
119	word_embedding_mode_26
120	word_embedding_mode_27
121	word_embedding_mode_28
122	word_embedding_mode_29
123	word_embedding_mode_3
124	word_embedding_mode_30
125	word_embedding_mode_31
126	word_embedding_mode_32
127	word_embedding_mode_33
128	word_embedding_mode_34
129	word_embedding_mode_35
130	word_embedding_mode_36
131	word_embedding_mode_37
132	word_embedding_mode_38
133	word_embedding_mode_39
134	word_embedding_mode_4
135	word_embedding_mode_40
136	word_embedding_mode_41
137	word_embedding_mode_42
138	word_embedding_mode_43
139	word_embedding_mode_44
140	word_embedding_mode_45
141	word_embedding_mode_46
142	word_embedding_mode_47
143	word_embedding_mode_48
144	word_embedding_mode_49
145	word_embedding_mode_5
146	word_embedding_mode_6
147	word_embedding_mode_7
148	word_embedding_mode_8
149	word_embedding_mode_9
150	word_embedding_std_0
151	word_embedding_std_1
152	word_embedding_std_10
153	word_embedding_std_11
154	word_embedding_std_12
155	word_embedding_std_13
156	word_embedding_std_14
157	word_embedding_std_15
158	word_embedding_std_16
159	word_embedding_std_17
160	word_embedding_std_18
161	word_embedding_std_19
162	word_embedding_std_2
163	word_embedding_std_20
164	word_embedding_std_21
165	word_embedding_std_22
166	word_embedding_std_23
167	word_embedding_std_24
168	word_embedding_std_25
169	word_embedding_std_26
170	word_embedding_std_27
171	word_embedding_std_28
172	word_embedding_std_29
173	word_embedding_std_3
174	word_embedding_std_30
175	word_embedding_std_31
176	word_embedding_std_32
177	word_embedding_std_33
178	word_embedding_std_34
179	word_embedding_std_35
180	word_embedding_std_36
181	word_embedding_std_37
182	word_embedding_std_38
183	word_embedding_std_39
184	word_embedding_std_4
185	word_embedding_std_40
186	word_embedding_std_41
187	word_embedding_std_42
188	word_embedding_std_43
189	word_embedding_std_44
190	word_embedding_std_45
191	word_embedding_std_46
192	word_embedding_std_47
193	word_embedding_std_48
194	word_embedding_std_49
195	word_embedding_std_5
196	word_embedding_std_6
197	word_embedding_std_7
198	word_embedding_std_8
199	word_embedding_std_9
